X,Y,Id,Username
-77.0249953,-12.1613764,1193734718333734913,RichiieGarcia
-60.013026,-3.0809518,1193734797237137408,andrexther
