X,Y,Id,Nombre,Username,Location,
102.29809096,2.19987041,1193754993540653062,b'Hana Satar',mieyz_hana,Malaysia
102.29809096,2.19987041,1193755307832479745,b'Hana Satar',mieyz_hana,Malaysia
